{"screen":[{"frame":{"action":"drag","asset":"{WINDOW_BACKGROUND}","bounds":[0,0,738,468],"box":[0,0,738,81]}},{"button":{"action":"exit","bounds":[14,8,14,14],"id":"mac_close_button","image_disabled":"btn_mac_disabled.png","image_down":"btn_mac_red_pressed.png","image_hover":"btn_mac_red_hover.png","image_up":"btn_mac_red_normal.png","state":2}},{"button":{"action":"minimize","bounds":[30,8,14,14],"id":"mac_minimize_button","image_disabled":"btn_mac_disabled.png","image_down":"btn_mac_yellow_pressed.png","image_hover":"btn_mac_yellow_hover.png","image_up":"btn_mac_yellow_normal.png","state":2}},{"button":{"action":"exit","bounds":[254,405,92,36],"image_disabled":"btn_small_disabled.png","image_down":"btn_small_down.png","image_hover":"btn_small_over.png","image_up":"btn_small_normal.png","size":13,"state":2,"text":"{Btn_Cancel}","text_color_down":[0,0.6824,1.0,1.0],"text_color_hover":[0,0.6824,1.0,1.0],"text_color_up":[0,0.6824,1.0,1.0]}},{"label":{"bounds":[260,40,425,100],"color":[1,1,1,1],"id":"install_header","size":22,"text":"{Install_Header}"}},{"image":{"asset":"img_bnetlogo.png","bounds":[256,32,237,54],"id":"install_logo"}},{"label":{"bounds":[261,160,450,30],"color":[1,1,1,0.8],"id":"install_progress_text","size":15,"text":"{Installing_App}"}},{"label":{"bounds":[261,195,450,20],"color":[1,1,1,1],"id":"install_zone_text","size":13}},{"progress":{"bar_range":[6,6,439,10],"bounds":[255,212,451,22],"id":"install_progress","image_progress_empty":"progressbar_large_empty.png","image_progress_full":"progressbar_large_full.png","image_progress_lead":"progressbar_lead.png","lead_box":[-51,-9,60,28]}}]}