{"screen":[{"frame":{"action":"drag","asset":"bg_small_window.png","bounds":[0,0,408,108],"box":[0,0,408,81]}},{"button":{"action":"exit","bounds":[14,8,14,14],"id":"mac_close_button","image_disabled":"btn_mac_disabled.png","image_down":"btn_mac_red_pressed.png","image_hover":"btn_mac_red_hover.png","image_up":"btn_mac_red_normal.png","state":2}},{"button":{"action":"minimize","bounds":[30,8,14,14],"id":"mac_minimize_button","image_disabled":"btn_mac_disabled.png","image_down":"btn_mac_yellow_pressed.png","image_hover":"btn_mac_yellow_hover.png","image_up":"btn_mac_yellow_normal.png","state":2}},{"progress":{"bar_range":[6,6,350,10],"bounds":[23,58,362,22],"id":"bootstrap_progress","image_progress_empty":"progressbar_small_empty.png","image_progress_full":"progressbar_small_full.png","image_progress_lead":"progressbar_lead.png","lead_box":[-51,-9,60,28],"percent":0}},{"label":{"bounds":[29,40,350,100],"color":[1,1,1,1],"id":"bootstrap_text","size":13}}]}