{"screen":[{"frame":{"action":"drag","asset":"{WINDOW_BACKGROUND}","bounds":[0,0,738,468],"box":[0,0,738,81]}},{"button":{"action":"exit","bounds":[14,8,14,14],"id":"mac_close_button","image_disabled":"btn_mac_disabled.png","image_down":"btn_mac_red_pressed.png","image_hover":"btn_mac_red_hover.png","image_up":"btn_mac_red_normal.png","state":2}},{"button":{"action":"minimize","bounds":[30,8,14,14],"id":"mac_minimize_button","image_disabled":"btn_mac_disabled.png","image_down":"btn_mac_yellow_pressed.png","image_hover":"btn_mac_yellow_hover.png","image_up":"btn_mac_yellow_normal.png","state":2}},{"label":{"bounds":[260,40,440,100],"color":[1,1,1,1],"id":"install_header","size":22,"text":"{Install_Header}"}},{"label":{"bounds":[260,160,440,120],"color":[1,1,1,0.7],"id":"error_text","size":14}},{"button":{"action":"exit","bounds":[260,270,165,36],"image_disabled":"btn_long_disabled.png","image_down":"btn_long_down.png","image_hover":"btn_long_over.png","image_up":"btn_long_normal.png","size":13,"state":2,"text":"{Btn_Close}","text_color_down":[1.0,1.0,1.0,1.0],"text_color_hover":[1.0,1.0,1.0,1.0],"text_color_up":[1.0,1.0,1.0,1.0]}},{"image":{"asset":"img_error_shade.png","bounds":[229,370,500,21]}},{"link":{"action":"click_error_link","bounds":[260,385,440,20],"color":[0,0.6824,1,0.7],"down_color":[0,0.6824,1,1],"hilight_color":[0,0.6824,1,1],"id":"error_link","image":"img_link.png","image_box":[5,4,11,10],"layout":[true],"size":13,"state":1,"visited":false,"visited_color":[0,0.6824,1,0.7]}},{"label":{"bounds":[260,404,440,45],"color":[0.7,0.7,0.7,0.5],"size":12,"text":"{Error_Footer}"}}]}